,author,test/train
0,AaronPressman,C50train
1,AaronPressman,C50train
2,AaronPressman,C50train
3,AaronPressman,C50train
4,AaronPressman,C50train
5,AaronPressman,C50train
6,AaronPressman,C50train
7,AaronPressman,C50train
8,AaronPressman,C50train
9,AaronPressman,C50train
10,AaronPressman,C50train
11,AaronPressman,C50train
12,AaronPressman,C50train
13,AaronPressman,C50train
14,AaronPressman,C50train
15,AaronPressman,C50train
16,AaronPressman,C50train
17,AaronPressman,C50train
18,AaronPressman,C50train
19,AaronPressman,C50train
20,AaronPressman,C50train
21,AaronPressman,C50train
22,AaronPressman,C50train
23,AaronPressman,C50train
24,AaronPressman,C50train
25,AaronPressman,C50train
26,AaronPressman,C50train
27,AaronPressman,C50train
28,AaronPressman,C50train
29,AaronPressman,C50train
30,AaronPressman,C50train
31,AaronPressman,C50train
32,AaronPressman,C50train
33,AaronPressman,C50train
34,AaronPressman,C50train
35,AaronPressman,C50train
36,AaronPressman,C50train
37,AaronPressman,C50train
38,AaronPressman,C50train
39,AaronPressman,C50train
40,AaronPressman,C50train
41,AaronPressman,C50train
42,AaronPressman,C50train
43,AaronPressman,C50train
44,AaronPressman,C50train
45,AaronPressman,C50train
46,AaronPressman,C50train
47,AaronPressman,C50train
48,AaronPressman,C50train
49,AaronPressman,C50train
50,AlanCrosby,C50train
51,AlanCrosby,C50train
52,AlanCrosby,C50train
53,AlanCrosby,C50train
54,AlanCrosby,C50train
55,AlanCrosby,C50train
56,AlanCrosby,C50train
57,AlanCrosby,C50train
58,AlanCrosby,C50train
59,AlanCrosby,C50train
60,AlanCrosby,C50train
61,AlanCrosby,C50train
62,AlanCrosby,C50train
63,AlanCrosby,C50train
64,AlanCrosby,C50train
65,AlanCrosby,C50train
66,AlanCrosby,C50train
67,AlanCrosby,C50train
68,AlanCrosby,C50train
69,AlanCrosby,C50train
70,AlanCrosby,C50train
71,AlanCrosby,C50train
72,AlanCrosby,C50train
73,AlanCrosby,C50train
74,AlanCrosby,C50train
75,AlanCrosby,C50train
76,AlanCrosby,C50train
77,AlanCrosby,C50train
78,AlanCrosby,C50train
79,AlanCrosby,C50train
80,AlanCrosby,C50train
81,AlanCrosby,C50train
82,AlanCrosby,C50train
83,AlanCrosby,C50train
84,AlanCrosby,C50train
85,AlanCrosby,C50train
86,AlanCrosby,C50train
87,AlanCrosby,C50train
88,AlanCrosby,C50train
89,AlanCrosby,C50train
90,AlanCrosby,C50train
91,AlanCrosby,C50train
92,AlanCrosby,C50train
93,AlanCrosby,C50train
94,AlanCrosby,C50train
95,AlanCrosby,C50train
96,AlanCrosby,C50train
97,AlanCrosby,C50train
98,AlanCrosby,C50train
99,AlanCrosby,C50train
100,AlexanderSmith,C50train
101,AlexanderSmith,C50train
102,AlexanderSmith,C50train
103,AlexanderSmith,C50train
104,AlexanderSmith,C50train
105,AlexanderSmith,C50train
106,AlexanderSmith,C50train
107,AlexanderSmith,C50train
108,AlexanderSmith,C50train
109,AlexanderSmith,C50train
110,AlexanderSmith,C50train
111,AlexanderSmith,C50train
112,AlexanderSmith,C50train
113,AlexanderSmith,C50train
114,AlexanderSmith,C50train
115,AlexanderSmith,C50train
116,AlexanderSmith,C50train
117,AlexanderSmith,C50train
118,AlexanderSmith,C50train
119,AlexanderSmith,C50train
120,AlexanderSmith,C50train
121,AlexanderSmith,C50train
122,AlexanderSmith,C50train
123,AlexanderSmith,C50train
124,AlexanderSmith,C50train
125,AlexanderSmith,C50train
126,AlexanderSmith,C50train
127,AlexanderSmith,C50train
128,AlexanderSmith,C50train
129,AlexanderSmith,C50train
130,AlexanderSmith,C50train
131,AlexanderSmith,C50train
132,AlexanderSmith,C50train
133,AlexanderSmith,C50train
134,AlexanderSmith,C50train
135,AlexanderSmith,C50train
136,AlexanderSmith,C50train
137,AlexanderSmith,C50train
138,AlexanderSmith,C50train
139,AlexanderSmith,C50train
140,AlexanderSmith,C50train
141,AlexanderSmith,C50train
142,AlexanderSmith,C50train
143,AlexanderSmith,C50train
144,AlexanderSmith,C50train
145,AlexanderSmith,C50train
146,AlexanderSmith,C50train
147,AlexanderSmith,C50train
148,AlexanderSmith,C50train
149,AlexanderSmith,C50train
150,BenjaminKangLim,C50train
151,BenjaminKangLim,C50train
152,BenjaminKangLim,C50train
153,BenjaminKangLim,C50train
154,BenjaminKangLim,C50train
155,BenjaminKangLim,C50train
156,BenjaminKangLim,C50train
157,BenjaminKangLim,C50train
158,BenjaminKangLim,C50train
159,BenjaminKangLim,C50train
160,BenjaminKangLim,C50train
161,BenjaminKangLim,C50train
162,BenjaminKangLim,C50train
163,BenjaminKangLim,C50train
164,BenjaminKangLim,C50train
165,BenjaminKangLim,C50train
166,BenjaminKangLim,C50train
167,BenjaminKangLim,C50train
168,BenjaminKangLim,C50train
169,BenjaminKangLim,C50train
170,BenjaminKangLim,C50train
171,BenjaminKangLim,C50train
172,BenjaminKangLim,C50train
173,BenjaminKangLim,C50train
174,BenjaminKangLim,C50train
175,BenjaminKangLim,C50train
176,BenjaminKangLim,C50train
177,BenjaminKangLim,C50train
178,BenjaminKangLim,C50train
179,BenjaminKangLim,C50train
180,BenjaminKangLim,C50train
181,BenjaminKangLim,C50train
182,BenjaminKangLim,C50train
183,BenjaminKangLim,C50train
184,BenjaminKangLim,C50train
185,BenjaminKangLim,C50train
186,BenjaminKangLim,C50train
187,BenjaminKangLim,C50train
188,BenjaminKangLim,C50train
189,BenjaminKangLim,C50train
190,BenjaminKangLim,C50train
191,BenjaminKangLim,C50train
192,BenjaminKangLim,C50train
193,BenjaminKangLim,C50train
194,BenjaminKangLim,C50train
195,BenjaminKangLim,C50train
196,BenjaminKangLim,C50train
197,BenjaminKangLim,C50train
198,BenjaminKangLim,C50train
199,BenjaminKangLim,C50train
200,BernardHickey,C50train
201,BernardHickey,C50train
202,BernardHickey,C50train
203,BernardHickey,C50train
204,BernardHickey,C50train
205,BernardHickey,C50train
206,BernardHickey,C50train
207,BernardHickey,C50train
208,BernardHickey,C50train
209,BernardHickey,C50train
210,BernardHickey,C50train
211,BernardHickey,C50train
212,BernardHickey,C50train
213,BernardHickey,C50train
214,BernardHickey,C50train
215,BernardHickey,C50train
216,BernardHickey,C50train
217,BernardHickey,C50train
218,BernardHickey,C50train
219,BernardHickey,C50train
220,BernardHickey,C50train
221,BernardHickey,C50train
222,BernardHickey,C50train
223,BernardHickey,C50train
224,BernardHickey,C50train
225,BernardHickey,C50train
226,BernardHickey,C50train
227,BernardHickey,C50train
228,BernardHickey,C50train
229,BernardHickey,C50train
230,BernardHickey,C50train
231,BernardHickey,C50train
232,BernardHickey,C50train
233,BernardHickey,C50train
234,BernardHickey,C50train
235,BernardHickey,C50train
236,BernardHickey,C50train
237,BernardHickey,C50train
238,BernardHickey,C50train
239,BernardHickey,C50train
240,BernardHickey,C50train
241,BernardHickey,C50train
242,BernardHickey,C50train
243,BernardHickey,C50train
244,BernardHickey,C50train
245,BernardHickey,C50train
246,BernardHickey,C50train
247,BernardHickey,C50train
248,BernardHickey,C50train
249,BernardHickey,C50train
250,BradDorfman,C50train
251,BradDorfman,C50train
252,BradDorfman,C50train
253,BradDorfman,C50train
254,BradDorfman,C50train
255,BradDorfman,C50train
256,BradDorfman,C50train
257,BradDorfman,C50train
258,BradDorfman,C50train
259,BradDorfman,C50train
260,BradDorfman,C50train
261,BradDorfman,C50train
262,BradDorfman,C50train
263,BradDorfman,C50train
264,BradDorfman,C50train
265,BradDorfman,C50train
266,BradDorfman,C50train
267,BradDorfman,C50train
268,BradDorfman,C50train
269,BradDorfman,C50train
270,BradDorfman,C50train
271,BradDorfman,C50train
272,BradDorfman,C50train
273,BradDorfman,C50train
274,BradDorfman,C50train
275,BradDorfman,C50train
276,BradDorfman,C50train
277,BradDorfman,C50train
278,BradDorfman,C50train
279,BradDorfman,C50train
280,BradDorfman,C50train
281,BradDorfman,C50train
282,BradDorfman,C50train
283,BradDorfman,C50train
284,BradDorfman,C50train
285,BradDorfman,C50train
286,BradDorfman,C50train
287,BradDorfman,C50train
288,BradDorfman,C50train
289,BradDorfman,C50train
290,BradDorfman,C50train
291,BradDorfman,C50train
292,BradDorfman,C50train
293,BradDorfman,C50train
294,BradDorfman,C50train
295,BradDorfman,C50train
296,BradDorfman,C50train
297,BradDorfman,C50train
298,BradDorfman,C50train
299,BradDorfman,C50train
300,DarrenSchuettler,C50train
301,DarrenSchuettler,C50train
302,DarrenSchuettler,C50train
303,DarrenSchuettler,C50train
304,DarrenSchuettler,C50train
305,DarrenSchuettler,C50train
306,DarrenSchuettler,C50train
307,DarrenSchuettler,C50train
308,DarrenSchuettler,C50train
309,DarrenSchuettler,C50train
310,DarrenSchuettler,C50train
311,DarrenSchuettler,C50train
312,DarrenSchuettler,C50train
313,DarrenSchuettler,C50train
314,DarrenSchuettler,C50train
315,DarrenSchuettler,C50train
316,DarrenSchuettler,C50train
317,DarrenSchuettler,C50train
318,DarrenSchuettler,C50train
319,DarrenSchuettler,C50train
320,DarrenSchuettler,C50train
321,DarrenSchuettler,C50train
322,DarrenSchuettler,C50train
323,DarrenSchuettler,C50train
324,DarrenSchuettler,C50train
325,DarrenSchuettler,C50train
326,DarrenSchuettler,C50train
327,DarrenSchuettler,C50train
328,DarrenSchuettler,C50train
329,DarrenSchuettler,C50train
330,DarrenSchuettler,C50train
331,DarrenSchuettler,C50train
332,DarrenSchuettler,C50train
333,DarrenSchuettler,C50train
334,DarrenSchuettler,C50train
335,DarrenSchuettler,C50train
336,DarrenSchuettler,C50train
337,DarrenSchuettler,C50train
338,DarrenSchuettler,C50train
339,DarrenSchuettler,C50train
340,DarrenSchuettler,C50train
341,DarrenSchuettler,C50train
342,DarrenSchuettler,C50train
343,DarrenSchuettler,C50train
344,DarrenSchuettler,C50train
345,DarrenSchuettler,C50train
346,DarrenSchuettler,C50train
347,DarrenSchuettler,C50train
348,DarrenSchuettler,C50train
349,DarrenSchuettler,C50train
350,DavidLawder,C50train
351,DavidLawder,C50train
352,DavidLawder,C50train
353,DavidLawder,C50train
354,DavidLawder,C50train
355,DavidLawder,C50train
356,DavidLawder,C50train
357,DavidLawder,C50train
358,DavidLawder,C50train
359,DavidLawder,C50train
360,DavidLawder,C50train
361,DavidLawder,C50train
362,DavidLawder,C50train
363,DavidLawder,C50train
364,DavidLawder,C50train
365,DavidLawder,C50train
366,DavidLawder,C50train
367,DavidLawder,C50train
368,DavidLawder,C50train
369,DavidLawder,C50train
370,DavidLawder,C50train
371,DavidLawder,C50train
372,DavidLawder,C50train
373,DavidLawder,C50train
374,DavidLawder,C50train
375,DavidLawder,C50train
376,DavidLawder,C50train
377,DavidLawder,C50train
378,DavidLawder,C50train
379,DavidLawder,C50train
380,DavidLawder,C50train
381,DavidLawder,C50train
382,DavidLawder,C50train
383,DavidLawder,C50train
384,DavidLawder,C50train
385,DavidLawder,C50train
386,DavidLawder,C50train
387,DavidLawder,C50train
388,DavidLawder,C50train
389,DavidLawder,C50train
390,DavidLawder,C50train
391,DavidLawder,C50train
392,DavidLawder,C50train
393,DavidLawder,C50train
394,DavidLawder,C50train
395,DavidLawder,C50train
396,DavidLawder,C50train
397,DavidLawder,C50train
398,DavidLawder,C50train
399,DavidLawder,C50train
400,EdnaFernandes,C50train
401,EdnaFernandes,C50train
402,EdnaFernandes,C50train
403,EdnaFernandes,C50train
404,EdnaFernandes,C50train
405,EdnaFernandes,C50train
406,EdnaFernandes,C50train
407,EdnaFernandes,C50train
408,EdnaFernandes,C50train
409,EdnaFernandes,C50train
410,EdnaFernandes,C50train
411,EdnaFernandes,C50train
412,EdnaFernandes,C50train
413,EdnaFernandes,C50train
414,EdnaFernandes,C50train
415,EdnaFernandes,C50train
416,EdnaFernandes,C50train
417,EdnaFernandes,C50train
418,EdnaFernandes,C50train
419,EdnaFernandes,C50train
420,EdnaFernandes,C50train
421,EdnaFernandes,C50train
422,EdnaFernandes,C50train
423,EdnaFernandes,C50train
424,EdnaFernandes,C50train
425,EdnaFernandes,C50train
426,EdnaFernandes,C50train
427,EdnaFernandes,C50train
428,EdnaFernandes,C50train
429,EdnaFernandes,C50train
430,EdnaFernandes,C50train
431,EdnaFernandes,C50train
432,EdnaFernandes,C50train
433,EdnaFernandes,C50train
434,EdnaFernandes,C50train
435,EdnaFernandes,C50train
436,EdnaFernandes,C50train
437,EdnaFernandes,C50train
438,EdnaFernandes,C50train
439,EdnaFernandes,C50train
440,EdnaFernandes,C50train
441,EdnaFernandes,C50train
442,EdnaFernandes,C50train
443,EdnaFernandes,C50train
444,EdnaFernandes,C50train
445,EdnaFernandes,C50train
446,EdnaFernandes,C50train
447,EdnaFernandes,C50train
448,EdnaFernandes,C50train
449,EdnaFernandes,C50train
450,EricAuchard,C50train
451,EricAuchard,C50train
452,EricAuchard,C50train
453,EricAuchard,C50train
454,EricAuchard,C50train
455,EricAuchard,C50train
456,EricAuchard,C50train
457,EricAuchard,C50train
458,EricAuchard,C50train
459,EricAuchard,C50train
460,EricAuchard,C50train
461,EricAuchard,C50train
462,EricAuchard,C50train
463,EricAuchard,C50train
464,EricAuchard,C50train
465,EricAuchard,C50train
466,EricAuchard,C50train
467,EricAuchard,C50train
468,EricAuchard,C50train
469,EricAuchard,C50train
470,EricAuchard,C50train
471,EricAuchard,C50train
472,EricAuchard,C50train
473,EricAuchard,C50train
474,EricAuchard,C50train
475,EricAuchard,C50train
476,EricAuchard,C50train
477,EricAuchard,C50train
478,EricAuchard,C50train
479,EricAuchard,C50train
480,EricAuchard,C50train
481,EricAuchard,C50train
482,EricAuchard,C50train
483,EricAuchard,C50train
484,EricAuchard,C50train
485,EricAuchard,C50train
486,EricAuchard,C50train
487,EricAuchard,C50train
488,EricAuchard,C50train
489,EricAuchard,C50train
490,EricAuchard,C50train
491,EricAuchard,C50train
492,EricAuchard,C50train
493,EricAuchard,C50train
494,EricAuchard,C50train
495,EricAuchard,C50train
496,EricAuchard,C50train
497,EricAuchard,C50train
498,EricAuchard,C50train
499,EricAuchard,C50train
500,FumikoFujisaki,C50train
501,FumikoFujisaki,C50train
502,FumikoFujisaki,C50train
503,FumikoFujisaki,C50train
504,FumikoFujisaki,C50train
505,FumikoFujisaki,C50train
506,FumikoFujisaki,C50train
507,FumikoFujisaki,C50train
508,FumikoFujisaki,C50train
509,FumikoFujisaki,C50train
510,FumikoFujisaki,C50train
511,FumikoFujisaki,C50train
512,FumikoFujisaki,C50train
513,FumikoFujisaki,C50train
514,FumikoFujisaki,C50train
515,FumikoFujisaki,C50train
516,FumikoFujisaki,C50train
517,FumikoFujisaki,C50train
518,FumikoFujisaki,C50train
519,FumikoFujisaki,C50train
520,FumikoFujisaki,C50train
521,FumikoFujisaki,C50train
522,FumikoFujisaki,C50train
523,FumikoFujisaki,C50train
524,FumikoFujisaki,C50train
525,FumikoFujisaki,C50train
526,FumikoFujisaki,C50train
527,FumikoFujisaki,C50train
528,FumikoFujisaki,C50train
529,FumikoFujisaki,C50train
530,FumikoFujisaki,C50train
531,FumikoFujisaki,C50train
532,FumikoFujisaki,C50train
533,FumikoFujisaki,C50train
534,FumikoFujisaki,C50train
535,FumikoFujisaki,C50train
536,FumikoFujisaki,C50train
537,FumikoFujisaki,C50train
538,FumikoFujisaki,C50train
539,FumikoFujisaki,C50train
540,FumikoFujisaki,C50train
541,FumikoFujisaki,C50train
542,FumikoFujisaki,C50train
543,FumikoFujisaki,C50train
544,FumikoFujisaki,C50train
545,FumikoFujisaki,C50train
546,FumikoFujisaki,C50train
547,FumikoFujisaki,C50train
548,FumikoFujisaki,C50train
549,FumikoFujisaki,C50train
550,GrahamEarnshaw,C50train
551,GrahamEarnshaw,C50train
552,GrahamEarnshaw,C50train
553,GrahamEarnshaw,C50train
554,GrahamEarnshaw,C50train
555,GrahamEarnshaw,C50train
556,GrahamEarnshaw,C50train
557,GrahamEarnshaw,C50train
558,GrahamEarnshaw,C50train
559,GrahamEarnshaw,C50train
560,GrahamEarnshaw,C50train
561,GrahamEarnshaw,C50train
562,GrahamEarnshaw,C50train
563,GrahamEarnshaw,C50train
564,GrahamEarnshaw,C50train
565,GrahamEarnshaw,C50train
566,GrahamEarnshaw,C50train
567,GrahamEarnshaw,C50train
568,GrahamEarnshaw,C50train
569,GrahamEarnshaw,C50train
570,GrahamEarnshaw,C50train
571,GrahamEarnshaw,C50train
572,GrahamEarnshaw,C50train
573,GrahamEarnshaw,C50train
574,GrahamEarnshaw,C50train
575,GrahamEarnshaw,C50train
576,GrahamEarnshaw,C50train
577,GrahamEarnshaw,C50train
578,GrahamEarnshaw,C50train
579,GrahamEarnshaw,C50train
580,GrahamEarnshaw,C50train
581,GrahamEarnshaw,C50train
582,GrahamEarnshaw,C50train
583,GrahamEarnshaw,C50train
584,GrahamEarnshaw,C50train
585,GrahamEarnshaw,C50train
586,GrahamEarnshaw,C50train
587,GrahamEarnshaw,C50train
588,GrahamEarnshaw,C50train
589,GrahamEarnshaw,C50train
590,GrahamEarnshaw,C50train
591,GrahamEarnshaw,C50train
592,GrahamEarnshaw,C50train
593,GrahamEarnshaw,C50train
594,GrahamEarnshaw,C50train
595,GrahamEarnshaw,C50train
596,GrahamEarnshaw,C50train
597,GrahamEarnshaw,C50train
598,GrahamEarnshaw,C50train
599,GrahamEarnshaw,C50train
600,HeatherScoffield,C50train
601,HeatherScoffield,C50train
602,HeatherScoffield,C50train
603,HeatherScoffield,C50train
604,HeatherScoffield,C50train
605,HeatherScoffield,C50train
606,HeatherScoffield,C50train
607,HeatherScoffield,C50train
608,HeatherScoffield,C50train
609,HeatherScoffield,C50train
610,HeatherScoffield,C50train
611,HeatherScoffield,C50train
612,HeatherScoffield,C50train
613,HeatherScoffield,C50train
614,HeatherScoffield,C50train
615,HeatherScoffield,C50train
616,HeatherScoffield,C50train
617,HeatherScoffield,C50train
618,HeatherScoffield,C50train
619,HeatherScoffield,C50train
620,HeatherScoffield,C50train
621,HeatherScoffield,C50train
622,HeatherScoffield,C50train
623,HeatherScoffield,C50train
624,HeatherScoffield,C50train
625,HeatherScoffield,C50train
626,HeatherScoffield,C50train
627,HeatherScoffield,C50train
628,HeatherScoffield,C50train
629,HeatherScoffield,C50train
630,HeatherScoffield,C50train
631,HeatherScoffield,C50train
632,HeatherScoffield,C50train
633,HeatherScoffield,C50train
634,HeatherScoffield,C50train
635,HeatherScoffield,C50train
636,HeatherScoffield,C50train
637,HeatherScoffield,C50train
638,HeatherScoffield,C50train
639,HeatherScoffield,C50train
640,HeatherScoffield,C50train
641,HeatherScoffield,C50train
642,HeatherScoffield,C50train
643,HeatherScoffield,C50train
644,HeatherScoffield,C50train
645,HeatherScoffield,C50train
646,HeatherScoffield,C50train
647,HeatherScoffield,C50train
648,HeatherScoffield,C50train
649,HeatherScoffield,C50train
650,JaneMacartney,C50train
651,JaneMacartney,C50train
652,JaneMacartney,C50train
653,JaneMacartney,C50train
654,JaneMacartney,C50train
655,JaneMacartney,C50train
656,JaneMacartney,C50train
657,JaneMacartney,C50train
658,JaneMacartney,C50train
659,JaneMacartney,C50train
660,JaneMacartney,C50train
661,JaneMacartney,C50train
662,JaneMacartney,C50train
663,JaneMacartney,C50train
664,JaneMacartney,C50train
665,JaneMacartney,C50train
666,JaneMacartney,C50train
667,JaneMacartney,C50train
668,JaneMacartney,C50train
669,JaneMacartney,C50train
670,JaneMacartney,C50train
671,JaneMacartney,C50train
672,JaneMacartney,C50train
673,JaneMacartney,C50train
674,JaneMacartney,C50train
675,JaneMacartney,C50train
676,JaneMacartney,C50train
677,JaneMacartney,C50train
678,JaneMacartney,C50train
679,JaneMacartney,C50train
680,JaneMacartney,C50train
681,JaneMacartney,C50train
682,JaneMacartney,C50train
683,JaneMacartney,C50train
684,JaneMacartney,C50train
685,JaneMacartney,C50train
686,JaneMacartney,C50train
687,JaneMacartney,C50train
688,JaneMacartney,C50train
689,JaneMacartney,C50train
690,JaneMacartney,C50train
691,JaneMacartney,C50train
692,JaneMacartney,C50train
693,JaneMacartney,C50train
694,JaneMacartney,C50train
695,JaneMacartney,C50train
696,JaneMacartney,C50train
697,JaneMacartney,C50train
698,JaneMacartney,C50train
699,JaneMacartney,C50train
700,JanLopatka,C50train
701,JanLopatka,C50train
702,JanLopatka,C50train
703,JanLopatka,C50train
704,JanLopatka,C50train
705,JanLopatka,C50train
706,JanLopatka,C50train
707,JanLopatka,C50train
708,JanLopatka,C50train
709,JanLopatka,C50train
710,JanLopatka,C50train
711,JanLopatka,C50train
712,JanLopatka,C50train
713,JanLopatka,C50train
714,JanLopatka,C50train
715,JanLopatka,C50train
716,JanLopatka,C50train
717,JanLopatka,C50train
718,JanLopatka,C50train
719,JanLopatka,C50train
720,JanLopatka,C50train
721,JanLopatka,C50train
722,JanLopatka,C50train
723,JanLopatka,C50train
724,JanLopatka,C50train
725,JanLopatka,C50train
726,JanLopatka,C50train
727,JanLopatka,C50train
728,JanLopatka,C50train
729,JanLopatka,C50train
730,JanLopatka,C50train
731,JanLopatka,C50train
732,JanLopatka,C50train
733,JanLopatka,C50train
734,JanLopatka,C50train
735,JanLopatka,C50train
736,JanLopatka,C50train
737,JanLopatka,C50train
738,JanLopatka,C50train
739,JanLopatka,C50train
740,JanLopatka,C50train
741,JanLopatka,C50train
742,JanLopatka,C50train
743,JanLopatka,C50train
744,JanLopatka,C50train
745,JanLopatka,C50train
746,JanLopatka,C50train
747,JanLopatka,C50train
748,JanLopatka,C50train
749,JanLopatka,C50train
750,JimGilchrist,C50train
751,JimGilchrist,C50train
752,JimGilchrist,C50train
753,JimGilchrist,C50train
754,JimGilchrist,C50train
755,JimGilchrist,C50train
756,JimGilchrist,C50train
757,JimGilchrist,C50train
758,JimGilchrist,C50train
759,JimGilchrist,C50train
760,JimGilchrist,C50train
761,JimGilchrist,C50train
762,JimGilchrist,C50train
763,JimGilchrist,C50train
764,JimGilchrist,C50train
765,JimGilchrist,C50train
766,JimGilchrist,C50train
767,JimGilchrist,C50train
768,JimGilchrist,C50train
769,JimGilchrist,C50train
770,JimGilchrist,C50train
771,JimGilchrist,C50train
772,JimGilchrist,C50train
773,JimGilchrist,C50train
774,JimGilchrist,C50train
775,JimGilchrist,C50train
776,JimGilchrist,C50train
777,JimGilchrist,C50train
778,JimGilchrist,C50train
779,JimGilchrist,C50train
780,JimGilchrist,C50train
781,JimGilchrist,C50train
782,JimGilchrist,C50train
783,JimGilchrist,C50train
784,JimGilchrist,C50train
785,JimGilchrist,C50train
786,JimGilchrist,C50train
787,JimGilchrist,C50train
788,JimGilchrist,C50train
789,JimGilchrist,C50train
790,JimGilchrist,C50train
791,JimGilchrist,C50train
792,JimGilchrist,C50train
793,JimGilchrist,C50train
794,JimGilchrist,C50train
795,JimGilchrist,C50train
796,JimGilchrist,C50train
797,JimGilchrist,C50train
798,JimGilchrist,C50train
799,JimGilchrist,C50train
800,JoeOrtiz,C50train
801,JoeOrtiz,C50train
802,JoeOrtiz,C50train
803,JoeOrtiz,C50train
804,JoeOrtiz,C50train
805,JoeOrtiz,C50train
806,JoeOrtiz,C50train
807,JoeOrtiz,C50train
808,JoeOrtiz,C50train
809,JoeOrtiz,C50train
810,JoeOrtiz,C50train
811,JoeOrtiz,C50train
812,JoeOrtiz,C50train
813,JoeOrtiz,C50train
814,JoeOrtiz,C50train
815,JoeOrtiz,C50train
816,JoeOrtiz,C50train
817,JoeOrtiz,C50train
818,JoeOrtiz,C50train
819,JoeOrtiz,C50train
820,JoeOrtiz,C50train
821,JoeOrtiz,C50train
822,JoeOrtiz,C50train
823,JoeOrtiz,C50train
824,JoeOrtiz,C50train
825,JoeOrtiz,C50train
826,JoeOrtiz,C50train
827,JoeOrtiz,C50train
828,JoeOrtiz,C50train
829,JoeOrtiz,C50train
830,JoeOrtiz,C50train
831,JoeOrtiz,C50train
832,JoeOrtiz,C50train
833,JoeOrtiz,C50train
834,JoeOrtiz,C50train
835,JoeOrtiz,C50train
836,JoeOrtiz,C50train
837,JoeOrtiz,C50train
838,JoeOrtiz,C50train
839,JoeOrtiz,C50train
840,JoeOrtiz,C50train
841,JoeOrtiz,C50train
842,JoeOrtiz,C50train
843,JoeOrtiz,C50train
844,JoeOrtiz,C50train
845,JoeOrtiz,C50train
846,JoeOrtiz,C50train
847,JoeOrtiz,C50train
848,JoeOrtiz,C50train
849,JoeOrtiz,C50train
850,JohnMastrini,C50train
851,JohnMastrini,C50train
852,JohnMastrini,C50train
853,JohnMastrini,C50train
854,JohnMastrini,C50train
855,JohnMastrini,C50train
856,JohnMastrini,C50train
857,JohnMastrini,C50train
858,JohnMastrini,C50train
859,JohnMastrini,C50train
860,JohnMastrini,C50train
861,JohnMastrini,C50train
862,JohnMastrini,C50train
863,JohnMastrini,C50train
864,JohnMastrini,C50train
865,JohnMastrini,C50train
866,JohnMastrini,C50train
867,JohnMastrini,C50train
868,JohnMastrini,C50train
869,JohnMastrini,C50train
870,JohnMastrini,C50train
871,JohnMastrini,C50train
872,JohnMastrini,C50train
873,JohnMastrini,C50train
874,JohnMastrini,C50train
875,JohnMastrini,C50train
876,JohnMastrini,C50train
877,JohnMastrini,C50train
878,JohnMastrini,C50train
879,JohnMastrini,C50train
880,JohnMastrini,C50train
881,JohnMastrini,C50train
882,JohnMastrini,C50train
883,JohnMastrini,C50train
884,JohnMastrini,C50train
885,JohnMastrini,C50train
886,JohnMastrini,C50train
887,JohnMastrini,C50train
888,JohnMastrini,C50train
889,JohnMastrini,C50train
890,JohnMastrini,C50train
891,JohnMastrini,C50train
892,JohnMastrini,C50train
893,JohnMastrini,C50train
894,JohnMastrini,C50train
895,JohnMastrini,C50train
896,JohnMastrini,C50train
897,JohnMastrini,C50train
898,JohnMastrini,C50train
899,JohnMastrini,C50train
900,JonathanBirt,C50train
901,JonathanBirt,C50train
902,JonathanBirt,C50train
903,JonathanBirt,C50train
904,JonathanBirt,C50train
905,JonathanBirt,C50train
906,JonathanBirt,C50train
907,JonathanBirt,C50train
908,JonathanBirt,C50train
909,JonathanBirt,C50train
910,JonathanBirt,C50train
911,JonathanBirt,C50train
912,JonathanBirt,C50train
913,JonathanBirt,C50train
914,JonathanBirt,C50train
915,JonathanBirt,C50train
916,JonathanBirt,C50train
917,JonathanBirt,C50train
918,JonathanBirt,C50train
919,JonathanBirt,C50train
920,JonathanBirt,C50train
921,JonathanBirt,C50train
922,JonathanBirt,C50train
923,JonathanBirt,C50train
924,JonathanBirt,C50train
925,JonathanBirt,C50train
926,JonathanBirt,C50train
927,JonathanBirt,C50train
928,JonathanBirt,C50train
929,JonathanBirt,C50train
930,JonathanBirt,C50train
931,JonathanBirt,C50train
932,JonathanBirt,C50train
933,JonathanBirt,C50train
934,JonathanBirt,C50train
935,JonathanBirt,C50train
936,JonathanBirt,C50train
937,JonathanBirt,C50train
938,JonathanBirt,C50train
939,JonathanBirt,C50train
940,JonathanBirt,C50train
941,JonathanBirt,C50train
942,JonathanBirt,C50train
943,JonathanBirt,C50train
944,JonathanBirt,C50train
945,JonathanBirt,C50train
946,JonathanBirt,C50train
947,JonathanBirt,C50train
948,JonathanBirt,C50train
949,JonathanBirt,C50train
950,JoWinterbottom,C50train
951,JoWinterbottom,C50train
952,JoWinterbottom,C50train
953,JoWinterbottom,C50train
954,JoWinterbottom,C50train
955,JoWinterbottom,C50train
956,JoWinterbottom,C50train
957,JoWinterbottom,C50train
958,JoWinterbottom,C50train
959,JoWinterbottom,C50train
960,JoWinterbottom,C50train
961,JoWinterbottom,C50train
962,JoWinterbottom,C50train
963,JoWinterbottom,C50train
964,JoWinterbottom,C50train
965,JoWinterbottom,C50train
966,JoWinterbottom,C50train
967,JoWinterbottom,C50train
968,JoWinterbottom,C50train
969,JoWinterbottom,C50train
970,JoWinterbottom,C50train
971,JoWinterbottom,C50train
972,JoWinterbottom,C50train
973,JoWinterbottom,C50train
974,JoWinterbottom,C50train
975,JoWinterbottom,C50train
976,JoWinterbottom,C50train
977,JoWinterbottom,C50train
978,JoWinterbottom,C50train
979,JoWinterbottom,C50train
980,JoWinterbottom,C50train
981,JoWinterbottom,C50train
982,JoWinterbottom,C50train
983,JoWinterbottom,C50train
984,JoWinterbottom,C50train
985,JoWinterbottom,C50train
986,JoWinterbottom,C50train
987,JoWinterbottom,C50train
988,JoWinterbottom,C50train
989,JoWinterbottom,C50train
990,JoWinterbottom,C50train
991,JoWinterbottom,C50train
992,JoWinterbottom,C50train
993,JoWinterbottom,C50train
994,JoWinterbottom,C50train
995,JoWinterbottom,C50train
996,JoWinterbottom,C50train
997,JoWinterbottom,C50train
998,JoWinterbottom,C50train
999,JoWinterbottom,C50train
1000,KarlPenhaul,C50train
1001,KarlPenhaul,C50train
1002,KarlPenhaul,C50train
1003,KarlPenhaul,C50train
1004,KarlPenhaul,C50train
1005,KarlPenhaul,C50train
1006,KarlPenhaul,C50train
1007,KarlPenhaul,C50train
1008,KarlPenhaul,C50train
1009,KarlPenhaul,C50train
1010,KarlPenhaul,C50train
1011,KarlPenhaul,C50train
1012,KarlPenhaul,C50train
1013,KarlPenhaul,C50train
1014,KarlPenhaul,C50train
1015,KarlPenhaul,C50train
1016,KarlPenhaul,C50train
1017,KarlPenhaul,C50train
1018,KarlPenhaul,C50train
1019,KarlPenhaul,C50train
1020,KarlPenhaul,C50train
1021,KarlPenhaul,C50train
1022,KarlPenhaul,C50train
1023,KarlPenhaul,C50train
1024,KarlPenhaul,C50train
1025,KarlPenhaul,C50train
1026,KarlPenhaul,C50train
1027,KarlPenhaul,C50train
1028,KarlPenhaul,C50train
1029,KarlPenhaul,C50train
1030,KarlPenhaul,C50train
1031,KarlPenhaul,C50train
1032,KarlPenhaul,C50train
1033,KarlPenhaul,C50train
1034,KarlPenhaul,C50train
1035,KarlPenhaul,C50train
1036,KarlPenhaul,C50train
1037,KarlPenhaul,C50train
1038,KarlPenhaul,C50train
1039,KarlPenhaul,C50train
1040,KarlPenhaul,C50train
1041,KarlPenhaul,C50train
1042,KarlPenhaul,C50train
1043,KarlPenhaul,C50train
1044,KarlPenhaul,C50train
1045,KarlPenhaul,C50train
1046,KarlPenhaul,C50train
1047,KarlPenhaul,C50train
1048,KarlPenhaul,C50train
1049,KarlPenhaul,C50train
1050,KeithWeir,C50train
1051,KeithWeir,C50train
1052,KeithWeir,C50train
1053,KeithWeir,C50train
1054,KeithWeir,C50train
1055,KeithWeir,C50train
1056,KeithWeir,C50train
1057,KeithWeir,C50train
1058,KeithWeir,C50train
1059,KeithWeir,C50train
1060,KeithWeir,C50train
1061,KeithWeir,C50train
1062,KeithWeir,C50train
1063,KeithWeir,C50train
1064,KeithWeir,C50train
1065,KeithWeir,C50train
1066,KeithWeir,C50train
1067,KeithWeir,C50train
1068,KeithWeir,C50train
1069,KeithWeir,C50train
1070,KeithWeir,C50train
1071,KeithWeir,C50train
1072,KeithWeir,C50train
1073,KeithWeir,C50train
1074,KeithWeir,C50train
1075,KeithWeir,C50train
1076,KeithWeir,C50train
1077,KeithWeir,C50train
1078,KeithWeir,C50train
1079,KeithWeir,C50train
1080,KeithWeir,C50train
1081,KeithWeir,C50train
1082,KeithWeir,C50train
1083,KeithWeir,C50train
1084,KeithWeir,C50train
1085,KeithWeir,C50train
1086,KeithWeir,C50train
1087,KeithWeir,C50train
1088,KeithWeir,C50train
1089,KeithWeir,C50train
1090,KeithWeir,C50train
1091,KeithWeir,C50train
1092,KeithWeir,C50train
1093,KeithWeir,C50train
1094,KeithWeir,C50train
1095,KeithWeir,C50train
1096,KeithWeir,C50train
1097,KeithWeir,C50train
1098,KeithWeir,C50train
1099,KeithWeir,C50train
1100,KevinDrawbaugh,C50train
1101,KevinDrawbaugh,C50train
1102,KevinDrawbaugh,C50train
1103,KevinDrawbaugh,C50train
1104,KevinDrawbaugh,C50train
1105,KevinDrawbaugh,C50train
1106,KevinDrawbaugh,C50train
1107,KevinDrawbaugh,C50train
1108,KevinDrawbaugh,C50train
1109,KevinDrawbaugh,C50train
1110,KevinDrawbaugh,C50train
1111,KevinDrawbaugh,C50train
1112,KevinDrawbaugh,C50train
1113,KevinDrawbaugh,C50train
1114,KevinDrawbaugh,C50train
1115,KevinDrawbaugh,C50train
1116,KevinDrawbaugh,C50train
1117,KevinDrawbaugh,C50train
1118,KevinDrawbaugh,C50train
1119,KevinDrawbaugh,C50train
1120,KevinDrawbaugh,C50train
1121,KevinDrawbaugh,C50train
1122,KevinDrawbaugh,C50train
1123,KevinDrawbaugh,C50train
1124,KevinDrawbaugh,C50train
1125,KevinDrawbaugh,C50train
1126,KevinDrawbaugh,C50train
1127,KevinDrawbaugh,C50train
1128,KevinDrawbaugh,C50train
1129,KevinDrawbaugh,C50train
1130,KevinDrawbaugh,C50train
1131,KevinDrawbaugh,C50train
1132,KevinDrawbaugh,C50train
1133,KevinDrawbaugh,C50train
1134,KevinDrawbaugh,C50train
1135,KevinDrawbaugh,C50train
1136,KevinDrawbaugh,C50train
1137,KevinDrawbaugh,C50train
1138,KevinDrawbaugh,C50train
1139,KevinDrawbaugh,C50train
1140,KevinDrawbaugh,C50train
1141,KevinDrawbaugh,C50train
1142,KevinDrawbaugh,C50train
1143,KevinDrawbaugh,C50train
1144,KevinDrawbaugh,C50train
1145,KevinDrawbaugh,C50train
1146,KevinDrawbaugh,C50train
1147,KevinDrawbaugh,C50train
1148,KevinDrawbaugh,C50train
1149,KevinDrawbaugh,C50train
1150,KevinMorrison,C50train
1151,KevinMorrison,C50train
1152,KevinMorrison,C50train
1153,KevinMorrison,C50train
1154,KevinMorrison,C50train
1155,KevinMorrison,C50train
1156,KevinMorrison,C50train
1157,KevinMorrison,C50train
1158,KevinMorrison,C50train
1159,KevinMorrison,C50train
1160,KevinMorrison,C50train
1161,KevinMorrison,C50train
1162,KevinMorrison,C50train
1163,KevinMorrison,C50train
1164,KevinMorrison,C50train
1165,KevinMorrison,C50train
1166,KevinMorrison,C50train
1167,KevinMorrison,C50train
1168,KevinMorrison,C50train
1169,KevinMorrison,C50train
1170,KevinMorrison,C50train
1171,KevinMorrison,C50train
1172,KevinMorrison,C50train
1173,KevinMorrison,C50train
1174,KevinMorrison,C50train
1175,KevinMorrison,C50train
1176,KevinMorrison,C50train
1177,KevinMorrison,C50train
1178,KevinMorrison,C50train
1179,KevinMorrison,C50train
1180,KevinMorrison,C50train
1181,KevinMorrison,C50train
1182,KevinMorrison,C50train
1183,KevinMorrison,C50train
1184,KevinMorrison,C50train
1185,KevinMorrison,C50train
1186,KevinMorrison,C50train
1187,KevinMorrison,C50train
1188,KevinMorrison,C50train
1189,KevinMorrison,C50train
1190,KevinMorrison,C50train
1191,KevinMorrison,C50train
1192,KevinMorrison,C50train
1193,KevinMorrison,C50train
1194,KevinMorrison,C50train
1195,KevinMorrison,C50train
1196,KevinMorrison,C50train
1197,KevinMorrison,C50train
1198,KevinMorrison,C50train
1199,KevinMorrison,C50train
1200,KirstinRidley,C50train
1201,KirstinRidley,C50train
1202,KirstinRidley,C50train
1203,KirstinRidley,C50train
1204,KirstinRidley,C50train
1205,KirstinRidley,C50train
1206,KirstinRidley,C50train
1207,KirstinRidley,C50train
1208,KirstinRidley,C50train
1209,KirstinRidley,C50train
1210,KirstinRidley,C50train
1211,KirstinRidley,C50train
1212,KirstinRidley,C50train
1213,KirstinRidley,C50train
1214,KirstinRidley,C50train
1215,KirstinRidley,C50train
1216,KirstinRidley,C50train
1217,KirstinRidley,C50train
1218,KirstinRidley,C50train
1219,KirstinRidley,C50train
1220,KirstinRidley,C50train
1221,KirstinRidley,C50train
1222,KirstinRidley,C50train
1223,KirstinRidley,C50train
1224,KirstinRidley,C50train
1225,KirstinRidley,C50train
1226,KirstinRidley,C50train
1227,KirstinRidley,C50train
1228,KirstinRidley,C50train
1229,KirstinRidley,C50train
1230,KirstinRidley,C50train
1231,KirstinRidley,C50train
1232,KirstinRidley,C50train
1233,KirstinRidley,C50train
1234,KirstinRidley,C50train
1235,KirstinRidley,C50train
1236,KirstinRidley,C50train
1237,KirstinRidley,C50train
1238,KirstinRidley,C50train
1239,KirstinRidley,C50train
1240,KirstinRidley,C50train
1241,KirstinRidley,C50train
1242,KirstinRidley,C50train
1243,KirstinRidley,C50train
1244,KirstinRidley,C50train
1245,KirstinRidley,C50train
1246,KirstinRidley,C50train
1247,KirstinRidley,C50train
1248,KirstinRidley,C50train
1249,KirstinRidley,C50train
1250,KouroshKarimkhany,C50train
1251,KouroshKarimkhany,C50train
1252,KouroshKarimkhany,C50train
1253,KouroshKarimkhany,C50train
1254,KouroshKarimkhany,C50train
1255,KouroshKarimkhany,C50train
1256,KouroshKarimkhany,C50train
1257,KouroshKarimkhany,C50train
1258,KouroshKarimkhany,C50train
1259,KouroshKarimkhany,C50train
1260,KouroshKarimkhany,C50train
1261,KouroshKarimkhany,C50train
1262,KouroshKarimkhany,C50train
1263,KouroshKarimkhany,C50train
1264,KouroshKarimkhany,C50train
1265,KouroshKarimkhany,C50train
1266,KouroshKarimkhany,C50train
1267,KouroshKarimkhany,C50train
1268,KouroshKarimkhany,C50train
1269,KouroshKarimkhany,C50train
1270,KouroshKarimkhany,C50train
1271,KouroshKarimkhany,C50train
1272,KouroshKarimkhany,C50train
1273,KouroshKarimkhany,C50train
1274,KouroshKarimkhany,C50train
1275,KouroshKarimkhany,C50train
1276,KouroshKarimkhany,C50train
1277,KouroshKarimkhany,C50train
1278,KouroshKarimkhany,C50train
1279,KouroshKarimkhany,C50train
1280,KouroshKarimkhany,C50train
1281,KouroshKarimkhany,C50train
1282,KouroshKarimkhany,C50train
1283,KouroshKarimkhany,C50train
1284,KouroshKarimkhany,C50train
1285,KouroshKarimkhany,C50train
1286,KouroshKarimkhany,C50train
1287,KouroshKarimkhany,C50train
1288,KouroshKarimkhany,C50train
1289,KouroshKarimkhany,C50train
1290,KouroshKarimkhany,C50train
1291,KouroshKarimkhany,C50train
1292,KouroshKarimkhany,C50train
1293,KouroshKarimkhany,C50train
1294,KouroshKarimkhany,C50train
1295,KouroshKarimkhany,C50train
1296,KouroshKarimkhany,C50train
1297,KouroshKarimkhany,C50train
1298,KouroshKarimkhany,C50train
1299,KouroshKarimkhany,C50train
1300,LydiaZajc,C50train
1301,LydiaZajc,C50train
1302,LydiaZajc,C50train
1303,LydiaZajc,C50train
1304,LydiaZajc,C50train
1305,LydiaZajc,C50train
1306,LydiaZajc,C50train
1307,LydiaZajc,C50train
1308,LydiaZajc,C50train
1309,LydiaZajc,C50train
1310,LydiaZajc,C50train
1311,LydiaZajc,C50train
1312,LydiaZajc,C50train
1313,LydiaZajc,C50train
1314,LydiaZajc,C50train
1315,LydiaZajc,C50train
1316,LydiaZajc,C50train
1317,LydiaZajc,C50train
1318,LydiaZajc,C50train
1319,LydiaZajc,C50train
1320,LydiaZajc,C50train
1321,LydiaZajc,C50train
1322,LydiaZajc,C50train
1323,LydiaZajc,C50train
1324,LydiaZajc,C50train
1325,LydiaZajc,C50train
1326,LydiaZajc,C50train
1327,LydiaZajc,C50train
1328,LydiaZajc,C50train
1329,LydiaZajc,C50train
1330,LydiaZajc,C50train
1331,LydiaZajc,C50train
1332,LydiaZajc,C50train
1333,LydiaZajc,C50train
1334,LydiaZajc,C50train
1335,LydiaZajc,C50train
1336,LydiaZajc,C50train
1337,LydiaZajc,C50train
1338,LydiaZajc,C50train
1339,LydiaZajc,C50train
1340,LydiaZajc,C50train
1341,LydiaZajc,C50train
1342,LydiaZajc,C50train
1343,LydiaZajc,C50train
1344,LydiaZajc,C50train
1345,LydiaZajc,C50train
1346,LydiaZajc,C50train
1347,LydiaZajc,C50train
1348,LydiaZajc,C50train
1349,LydiaZajc,C50train
1350,LynneO'Donnell,C50train
1351,LynneO'Donnell,C50train
1352,LynneO'Donnell,C50train
1353,LynneO'Donnell,C50train
1354,LynneO'Donnell,C50train
1355,LynneO'Donnell,C50train
1356,LynneO'Donnell,C50train
1357,LynneO'Donnell,C50train
1358,LynneO'Donnell,C50train
1359,LynneO'Donnell,C50train
1360,LynneO'Donnell,C50train
1361,LynneO'Donnell,C50train
1362,LynneO'Donnell,C50train
1363,LynneO'Donnell,C50train
1364,LynneO'Donnell,C50train
1365,LynneO'Donnell,C50train
1366,LynneO'Donnell,C50train
1367,LynneO'Donnell,C50train
1368,LynneO'Donnell,C50train
1369,LynneO'Donnell,C50train
1370,LynneO'Donnell,C50train
1371,LynneO'Donnell,C50train
1372,LynneO'Donnell,C50train
1373,LynneO'Donnell,C50train
1374,LynneO'Donnell,C50train
1375,LynneO'Donnell,C50train
1376,LynneO'Donnell,C50train
1377,LynneO'Donnell,C50train
1378,LynneO'Donnell,C50train
1379,LynneO'Donnell,C50train
1380,LynneO'Donnell,C50train
1381,LynneO'Donnell,C50train
1382,LynneO'Donnell,C50train
1383,LynneO'Donnell,C50train
1384,LynneO'Donnell,C50train
1385,LynneO'Donnell,C50train
1386,LynneO'Donnell,C50train
1387,LynneO'Donnell,C50train
1388,LynneO'Donnell,C50train
1389,LynneO'Donnell,C50train
1390,LynneO'Donnell,C50train
1391,LynneO'Donnell,C50train
1392,LynneO'Donnell,C50train
1393,LynneO'Donnell,C50train
1394,LynneO'Donnell,C50train
1395,LynneO'Donnell,C50train
1396,LynneO'Donnell,C50train
1397,LynneO'Donnell,C50train
1398,LynneO'Donnell,C50train
1399,LynneO'Donnell,C50train
1400,LynnleyBrowning,C50train
1401,LynnleyBrowning,C50train
1402,LynnleyBrowning,C50train
1403,LynnleyBrowning,C50train
1404,LynnleyBrowning,C50train
1405,LynnleyBrowning,C50train
1406,LynnleyBrowning,C50train
1407,LynnleyBrowning,C50train
1408,LynnleyBrowning,C50train
1409,LynnleyBrowning,C50train
1410,LynnleyBrowning,C50train
1411,LynnleyBrowning,C50train
1412,LynnleyBrowning,C50train
1413,LynnleyBrowning,C50train
1414,LynnleyBrowning,C50train
1415,LynnleyBrowning,C50train
1416,LynnleyBrowning,C50train
1417,LynnleyBrowning,C50train
1418,LynnleyBrowning,C50train
1419,LynnleyBrowning,C50train
1420,LynnleyBrowning,C50train
1421,LynnleyBrowning,C50train
1422,LynnleyBrowning,C50train
1423,LynnleyBrowning,C50train
1424,LynnleyBrowning,C50train
1425,LynnleyBrowning,C50train
1426,LynnleyBrowning,C50train
1427,LynnleyBrowning,C50train
1428,LynnleyBrowning,C50train
1429,LynnleyBrowning,C50train
1430,LynnleyBrowning,C50train
1431,LynnleyBrowning,C50train
1432,LynnleyBrowning,C50train
1433,LynnleyBrowning,C50train
1434,LynnleyBrowning,C50train
1435,LynnleyBrowning,C50train
1436,LynnleyBrowning,C50train
1437,LynnleyBrowning,C50train
1438,LynnleyBrowning,C50train
1439,LynnleyBrowning,C50train
1440,LynnleyBrowning,C50train
1441,LynnleyBrowning,C50train
1442,LynnleyBrowning,C50train
1443,LynnleyBrowning,C50train
1444,LynnleyBrowning,C50train
1445,LynnleyBrowning,C50train
1446,LynnleyBrowning,C50train
1447,LynnleyBrowning,C50train
1448,LynnleyBrowning,C50train
1449,LynnleyBrowning,C50train
1450,MarcelMichelson,C50train
1451,MarcelMichelson,C50train
1452,MarcelMichelson,C50train
1453,MarcelMichelson,C50train
1454,MarcelMichelson,C50train
1455,MarcelMichelson,C50train
1456,MarcelMichelson,C50train
1457,MarcelMichelson,C50train
1458,MarcelMichelson,C50train
1459,MarcelMichelson,C50train
1460,MarcelMichelson,C50train
1461,MarcelMichelson,C50train
1462,MarcelMichelson,C50train
1463,MarcelMichelson,C50train
1464,MarcelMichelson,C50train
1465,MarcelMichelson,C50train
1466,MarcelMichelson,C50train
1467,MarcelMichelson,C50train
1468,MarcelMichelson,C50train
1469,MarcelMichelson,C50train
1470,MarcelMichelson,C50train
1471,MarcelMichelson,C50train
1472,MarcelMichelson,C50train
1473,MarcelMichelson,C50train
1474,MarcelMichelson,C50train
1475,MarcelMichelson,C50train
1476,MarcelMichelson,C50train
1477,MarcelMichelson,C50train
1478,MarcelMichelson,C50train
1479,MarcelMichelson,C50train
1480,MarcelMichelson,C50train
1481,MarcelMichelson,C50train
1482,MarcelMichelson,C50train
1483,MarcelMichelson,C50train
1484,MarcelMichelson,C50train
1485,MarcelMichelson,C50train
1486,MarcelMichelson,C50train
1487,MarcelMichelson,C50train
1488,MarcelMichelson,C50train
1489,MarcelMichelson,C50train
1490,MarcelMichelson,C50train
1491,MarcelMichelson,C50train
1492,MarcelMichelson,C50train
1493,MarcelMichelson,C50train
1494,MarcelMichelson,C50train
1495,MarcelMichelson,C50train
1496,MarcelMichelson,C50train
1497,MarcelMichelson,C50train
1498,MarcelMichelson,C50train
1499,MarcelMichelson,C50train
1500,MarkBendeich,C50train
1501,MarkBendeich,C50train
1502,MarkBendeich,C50train
1503,MarkBendeich,C50train
1504,MarkBendeich,C50train
1505,MarkBendeich,C50train
1506,MarkBendeich,C50train
1507,MarkBendeich,C50train
1508,MarkBendeich,C50train
1509,MarkBendeich,C50train
1510,MarkBendeich,C50train
1511,MarkBendeich,C50train
1512,MarkBendeich,C50train
1513,MarkBendeich,C50train
1514,MarkBendeich,C50train
1515,MarkBendeich,C50train
1516,MarkBendeich,C50train
1517,MarkBendeich,C50train
1518,MarkBendeich,C50train
1519,MarkBendeich,C50train
1520,MarkBendeich,C50train
1521,MarkBendeich,C50train
1522,MarkBendeich,C50train
1523,MarkBendeich,C50train
1524,MarkBendeich,C50train
1525,MarkBendeich,C50train
1526,MarkBendeich,C50train
1527,MarkBendeich,C50train
1528,MarkBendeich,C50train
1529,MarkBendeich,C50train
1530,MarkBendeich,C50train
1531,MarkBendeich,C50train
1532,MarkBendeich,C50train
1533,MarkBendeich,C50train
1534,MarkBendeich,C50train
1535,MarkBendeich,C50train
1536,MarkBendeich,C50train
1537,MarkBendeich,C50train
1538,MarkBendeich,C50train
1539,MarkBendeich,C50train
1540,MarkBendeich,C50train
1541,MarkBendeich,C50train
1542,MarkBendeich,C50train
1543,MarkBendeich,C50train
1544,MarkBendeich,C50train
1545,MarkBendeich,C50train
1546,MarkBendeich,C50train
1547,MarkBendeich,C50train
1548,MarkBendeich,C50train
1549,MarkBendeich,C50train
1550,MartinWolk,C50train
1551,MartinWolk,C50train
1552,MartinWolk,C50train
1553,MartinWolk,C50train
1554,MartinWolk,C50train
1555,MartinWolk,C50train
1556,MartinWolk,C50train
1557,MartinWolk,C50train
1558,MartinWolk,C50train
1559,MartinWolk,C50train
1560,MartinWolk,C50train
1561,MartinWolk,C50train
1562,MartinWolk,C50train
1563,MartinWolk,C50train
1564,MartinWolk,C50train
1565,MartinWolk,C50train
1566,MartinWolk,C50train
1567,MartinWolk,C50train
1568,MartinWolk,C50train
1569,MartinWolk,C50train
1570,MartinWolk,C50train
1571,MartinWolk,C50train
1572,MartinWolk,C50train
1573,MartinWolk,C50train
1574,MartinWolk,C50train
1575,MartinWolk,C50train
1576,MartinWolk,C50train
1577,MartinWolk,C50train
1578,MartinWolk,C50train
1579,MartinWolk,C50train
1580,MartinWolk,C50train
1581,MartinWolk,C50train
1582,MartinWolk,C50train
1583,MartinWolk,C50train
1584,MartinWolk,C50train
1585,MartinWolk,C50train
1586,MartinWolk,C50train
1587,MartinWolk,C50train
1588,MartinWolk,C50train
1589,MartinWolk,C50train
1590,MartinWolk,C50train
1591,MartinWolk,C50train
1592,MartinWolk,C50train
1593,MartinWolk,C50train
1594,MartinWolk,C50train
1595,MartinWolk,C50train
1596,MartinWolk,C50train
1597,MartinWolk,C50train
1598,MartinWolk,C50train
1599,MartinWolk,C50train
1600,MatthewBunce,C50train
1601,MatthewBunce,C50train
1602,MatthewBunce,C50train
1603,MatthewBunce,C50train
1604,MatthewBunce,C50train
1605,MatthewBunce,C50train
1606,MatthewBunce,C50train
1607,MatthewBunce,C50train
1608,MatthewBunce,C50train
1609,MatthewBunce,C50train
1610,MatthewBunce,C50train
1611,MatthewBunce,C50train
1612,MatthewBunce,C50train
1613,MatthewBunce,C50train
1614,MatthewBunce,C50train
1615,MatthewBunce,C50train
1616,MatthewBunce,C50train
1617,MatthewBunce,C50train
1618,MatthewBunce,C50train
1619,MatthewBunce,C50train
1620,MatthewBunce,C50train
1621,MatthewBunce,C50train
1622,MatthewBunce,C50train
1623,MatthewBunce,C50train
1624,MatthewBunce,C50train
1625,MatthewBunce,C50train
1626,MatthewBunce,C50train
1627,MatthewBunce,C50train
1628,MatthewBunce,C50train
1629,MatthewBunce,C50train
1630,MatthewBunce,C50train
1631,MatthewBunce,C50train
1632,MatthewBunce,C50train
1633,MatthewBunce,C50train
1634,MatthewBunce,C50train
1635,MatthewBunce,C50train
1636,MatthewBunce,C50train
1637,MatthewBunce,C50train
1638,MatthewBunce,C50train
1639,MatthewBunce,C50train
1640,MatthewBunce,C50train
1641,MatthewBunce,C50train
1642,MatthewBunce,C50train
1643,MatthewBunce,C50train
1644,MatthewBunce,C50train
1645,MatthewBunce,C50train
1646,MatthewBunce,C50train
1647,MatthewBunce,C50train
1648,MatthewBunce,C50train
1649,MatthewBunce,C50train
1650,MichaelConnor,C50train
1651,MichaelConnor,C50train
1652,MichaelConnor,C50train
1653,MichaelConnor,C50train
1654,MichaelConnor,C50train
1655,MichaelConnor,C50train
1656,MichaelConnor,C50train
1657,MichaelConnor,C50train
1658,MichaelConnor,C50train
1659,MichaelConnor,C50train
1660,MichaelConnor,C50train
1661,MichaelConnor,C50train
1662,MichaelConnor,C50train
1663,MichaelConnor,C50train
1664,MichaelConnor,C50train
1665,MichaelConnor,C50train
1666,MichaelConnor,C50train
1667,MichaelConnor,C50train
1668,MichaelConnor,C50train
1669,MichaelConnor,C50train
1670,MichaelConnor,C50train
1671,MichaelConnor,C50train
1672,MichaelConnor,C50train
1673,MichaelConnor,C50train
1674,MichaelConnor,C50train
1675,MichaelConnor,C50train
1676,MichaelConnor,C50train
1677,MichaelConnor,C50train
1678,MichaelConnor,C50train
1679,MichaelConnor,C50train
1680,MichaelConnor,C50train
1681,MichaelConnor,C50train
1682,MichaelConnor,C50train
1683,MichaelConnor,C50train
1684,MichaelConnor,C50train
1685,MichaelConnor,C50train
1686,MichaelConnor,C50train
1687,MichaelConnor,C50train
1688,MichaelConnor,C50train
1689,MichaelConnor,C50train
1690,MichaelConnor,C50train
1691,MichaelConnor,C50train
1692,MichaelConnor,C50train
1693,MichaelConnor,C50train
1694,MichaelConnor,C50train
1695,MichaelConnor,C50train
1696,MichaelConnor,C50train
1697,MichaelConnor,C50train
1698,MichaelConnor,C50train
1699,MichaelConnor,C50train
1700,MureDickie,C50train
1701,MureDickie,C50train
1702,MureDickie,C50train
1703,MureDickie,C50train
1704,MureDickie,C50train
1705,MureDickie,C50train
1706,MureDickie,C50train
1707,MureDickie,C50train
1708,MureDickie,C50train
1709,MureDickie,C50train
1710,MureDickie,C50train
1711,MureDickie,C50train
1712,MureDickie,C50train
1713,MureDickie,C50train
1714,MureDickie,C50train
1715,MureDickie,C50train
1716,MureDickie,C50train
1717,MureDickie,C50train
1718,MureDickie,C50train
1719,MureDickie,C50train
1720,MureDickie,C50train
1721,MureDickie,C50train
1722,MureDickie,C50train
1723,MureDickie,C50train
1724,MureDickie,C50train
1725,MureDickie,C50train
1726,MureDickie,C50train
1727,MureDickie,C50train
1728,MureDickie,C50train
1729,MureDickie,C50train
1730,MureDickie,C50train
1731,MureDickie,C50train
1732,MureDickie,C50train
1733,MureDickie,C50train
1734,MureDickie,C50train
1735,MureDickie,C50train
1736,MureDickie,C50train
1737,MureDickie,C50train
1738,MureDickie,C50train
1739,MureDickie,C50train
1740,MureDickie,C50train
1741,MureDickie,C50train
1742,MureDickie,C50train
1743,MureDickie,C50train
1744,MureDickie,C50train
1745,MureDickie,C50train
1746,MureDickie,C50train
1747,MureDickie,C50train
1748,MureDickie,C50train
1749,MureDickie,C50train
1750,NickLouth,C50train
1751,NickLouth,C50train
1752,NickLouth,C50train
1753,NickLouth,C50train
1754,NickLouth,C50train
1755,NickLouth,C50train
1756,NickLouth,C50train
1757,NickLouth,C50train
1758,NickLouth,C50train
1759,NickLouth,C50train
1760,NickLouth,C50train
1761,NickLouth,C50train
1762,NickLouth,C50train
1763,NickLouth,C50train
1764,NickLouth,C50train
1765,NickLouth,C50train
1766,NickLouth,C50train
1767,NickLouth,C50train
1768,NickLouth,C50train
1769,NickLouth,C50train
1770,NickLouth,C50train
1771,NickLouth,C50train
1772,NickLouth,C50train
1773,NickLouth,C50train
1774,NickLouth,C50train
1775,NickLouth,C50train
1776,NickLouth,C50train
1777,NickLouth,C50train
1778,NickLouth,C50train
1779,NickLouth,C50train
1780,NickLouth,C50train
1781,NickLouth,C50train
1782,NickLouth,C50train
1783,NickLouth,C50train
1784,NickLouth,C50train
1785,NickLouth,C50train
1786,NickLouth,C50train
1787,NickLouth,C50train
1788,NickLouth,C50train
1789,NickLouth,C50train
1790,NickLouth,C50train
1791,NickLouth,C50train
1792,NickLouth,C50train
1793,NickLouth,C50train
1794,NickLouth,C50train
1795,NickLouth,C50train
1796,NickLouth,C50train
1797,NickLouth,C50train
1798,NickLouth,C50train
1799,NickLouth,C50train
1800,PatriciaCommins,C50train
1801,PatriciaCommins,C50train
1802,PatriciaCommins,C50train
1803,PatriciaCommins,C50train
1804,PatriciaCommins,C50train
1805,PatriciaCommins,C50train
1806,PatriciaCommins,C50train
1807,PatriciaCommins,C50train
1808,PatriciaCommins,C50train
1809,PatriciaCommins,C50train
1810,PatriciaCommins,C50train
1811,PatriciaCommins,C50train
1812,PatriciaCommins,C50train
1813,PatriciaCommins,C50train
1814,PatriciaCommins,C50train
1815,PatriciaCommins,C50train
1816,PatriciaCommins,C50train
1817,PatriciaCommins,C50train
1818,PatriciaCommins,C50train
1819,PatriciaCommins,C50train
1820,PatriciaCommins,C50train
1821,PatriciaCommins,C50train
1822,PatriciaCommins,C50train
1823,PatriciaCommins,C50train
1824,PatriciaCommins,C50train
1825,PatriciaCommins,C50train
1826,PatriciaCommins,C50train
1827,PatriciaCommins,C50train
1828,PatriciaCommins,C50train
1829,PatriciaCommins,C50train
1830,PatriciaCommins,C50train
1831,PatriciaCommins,C50train
1832,PatriciaCommins,C50train
1833,PatriciaCommins,C50train
1834,PatriciaCommins,C50train
1835,PatriciaCommins,C50train
1836,PatriciaCommins,C50train
1837,PatriciaCommins,C50train
1838,PatriciaCommins,C50train
1839,PatriciaCommins,C50train
1840,PatriciaCommins,C50train
1841,PatriciaCommins,C50train
1842,PatriciaCommins,C50train
1843,PatriciaCommins,C50train
1844,PatriciaCommins,C50train
1845,PatriciaCommins,C50train
1846,PatriciaCommins,C50train
1847,PatriciaCommins,C50train
1848,PatriciaCommins,C50train
1849,PatriciaCommins,C50train
1850,PeterHumphrey,C50train
1851,PeterHumphrey,C50train
1852,PeterHumphrey,C50train
1853,PeterHumphrey,C50train
1854,PeterHumphrey,C50train
1855,PeterHumphrey,C50train
1856,PeterHumphrey,C50train
1857,PeterHumphrey,C50train
1858,PeterHumphrey,C50train
1859,PeterHumphrey,C50train
1860,PeterHumphrey,C50train
1861,PeterHumphrey,C50train
1862,PeterHumphrey,C50train
1863,PeterHumphrey,C50train
1864,PeterHumphrey,C50train
1865,PeterHumphrey,C50train
1866,PeterHumphrey,C50train
1867,PeterHumphrey,C50train
1868,PeterHumphrey,C50train
1869,PeterHumphrey,C50train
1870,PeterHumphrey,C50train
1871,PeterHumphrey,C50train
1872,PeterHumphrey,C50train
1873,PeterHumphrey,C50train
1874,PeterHumphrey,C50train
1875,PeterHumphrey,C50train
1876,PeterHumphrey,C50train
1877,PeterHumphrey,C50train
1878,PeterHumphrey,C50train
1879,PeterHumphrey,C50train
1880,PeterHumphrey,C50train
1881,PeterHumphrey,C50train
1882,PeterHumphrey,C50train
1883,PeterHumphrey,C50train
1884,PeterHumphrey,C50train
1885,PeterHumphrey,C50train
1886,PeterHumphrey,C50train
1887,PeterHumphrey,C50train
1888,PeterHumphrey,C50train
1889,PeterHumphrey,C50train
1890,PeterHumphrey,C50train
1891,PeterHumphrey,C50train
1892,PeterHumphrey,C50train
1893,PeterHumphrey,C50train
1894,PeterHumphrey,C50train
1895,PeterHumphrey,C50train
1896,PeterHumphrey,C50train
1897,PeterHumphrey,C50train
1898,PeterHumphrey,C50train
1899,PeterHumphrey,C50train
1900,PierreTran,C50train
1901,PierreTran,C50train
1902,PierreTran,C50train
1903,PierreTran,C50train
1904,PierreTran,C50train
1905,PierreTran,C50train
1906,PierreTran,C50train
1907,PierreTran,C50train
1908,PierreTran,C50train
1909,PierreTran,C50train
1910,PierreTran,C50train
1911,PierreTran,C50train
1912,PierreTran,C50train
1913,PierreTran,C50train
1914,PierreTran,C50train
1915,PierreTran,C50train
1916,PierreTran,C50train
1917,PierreTran,C50train
1918,PierreTran,C50train
1919,PierreTran,C50train
1920,PierreTran,C50train
1921,PierreTran,C50train
1922,PierreTran,C50train
1923,PierreTran,C50train
1924,PierreTran,C50train
1925,PierreTran,C50train
1926,PierreTran,C50train
1927,PierreTran,C50train
1928,PierreTran,C50train
1929,PierreTran,C50train
1930,PierreTran,C50train
1931,PierreTran,C50train
1932,PierreTran,C50train
1933,PierreTran,C50train
1934,PierreTran,C50train
1935,PierreTran,C50train
1936,PierreTran,C50train
1937,PierreTran,C50train
1938,PierreTran,C50train
1939,PierreTran,C50train
1940,PierreTran,C50train
1941,PierreTran,C50train
1942,PierreTran,C50train
1943,PierreTran,C50train
1944,PierreTran,C50train
1945,PierreTran,C50train
1946,PierreTran,C50train
1947,PierreTran,C50train
1948,PierreTran,C50train
1949,PierreTran,C50train
1950,RobinSidel,C50train
1951,RobinSidel,C50train
1952,RobinSidel,C50train
1953,RobinSidel,C50train
1954,RobinSidel,C50train
1955,RobinSidel,C50train
1956,RobinSidel,C50train
1957,RobinSidel,C50train
1958,RobinSidel,C50train
1959,RobinSidel,C50train
1960,RobinSidel,C50train
1961,RobinSidel,C50train
1962,RobinSidel,C50train
1963,RobinSidel,C50train
1964,RobinSidel,C50train
1965,RobinSidel,C50train
1966,RobinSidel,C50train
1967,RobinSidel,C50train
1968,RobinSidel,C50train
1969,RobinSidel,C50train
1970,RobinSidel,C50train
1971,RobinSidel,C50train
1972,RobinSidel,C50train
1973,RobinSidel,C50train
1974,RobinSidel,C50train
1975,RobinSidel,C50train
1976,RobinSidel,C50train
1977,RobinSidel,C50train
1978,RobinSidel,C50train
1979,RobinSidel,C50train
1980,RobinSidel,C50train
1981,RobinSidel,C50train
1982,RobinSidel,C50train
1983,RobinSidel,C50train
1984,RobinSidel,C50train
1985,RobinSidel,C50train
1986,RobinSidel,C50train
1987,RobinSidel,C50train
1988,RobinSidel,C50train
1989,RobinSidel,C50train
1990,RobinSidel,C50train
1991,RobinSidel,C50train
1992,RobinSidel,C50train
1993,RobinSidel,C50train
1994,RobinSidel,C50train
1995,RobinSidel,C50train
1996,RobinSidel,C50train
1997,RobinSidel,C50train
1998,RobinSidel,C50train
1999,RobinSidel,C50train
2000,RogerFillion,C50train
2001,RogerFillion,C50train
2002,RogerFillion,C50train
2003,RogerFillion,C50train
2004,RogerFillion,C50train
2005,RogerFillion,C50train
2006,RogerFillion,C50train
2007,RogerFillion,C50train
2008,RogerFillion,C50train
2009,RogerFillion,C50train
2010,RogerFillion,C50train
2011,RogerFillion,C50train
2012,RogerFillion,C50train
2013,RogerFillion,C50train
2014,RogerFillion,C50train
2015,RogerFillion,C50train
2016,RogerFillion,C50train
2017,RogerFillion,C50train
2018,RogerFillion,C50train
2019,RogerFillion,C50train
2020,RogerFillion,C50train
2021,RogerFillion,C50train
2022,RogerFillion,C50train
2023,RogerFillion,C50train
2024,RogerFillion,C50train
2025,RogerFillion,C50train
2026,RogerFillion,C50train
2027,RogerFillion,C50train
2028,RogerFillion,C50train
2029,RogerFillion,C50train
2030,RogerFillion,C50train
2031,RogerFillion,C50train
2032,RogerFillion,C50train
2033,RogerFillion,C50train
2034,RogerFillion,C50train
2035,RogerFillion,C50train
2036,RogerFillion,C50train
2037,RogerFillion,C50train
2038,RogerFillion,C50train
2039,RogerFillion,C50train
2040,RogerFillion,C50train
2041,RogerFillion,C50train
2042,RogerFillion,C50train
2043,RogerFillion,C50train
2044,RogerFillion,C50train
2045,RogerFillion,C50train
2046,RogerFillion,C50train
2047,RogerFillion,C50train
2048,RogerFillion,C50train
2049,RogerFillion,C50train
2050,SamuelPerry,C50train
2051,SamuelPerry,C50train
2052,SamuelPerry,C50train
2053,SamuelPerry,C50train
2054,SamuelPerry,C50train
2055,SamuelPerry,C50train
2056,SamuelPerry,C50train
2057,SamuelPerry,C50train
2058,SamuelPerry,C50train
2059,SamuelPerry,C50train
2060,SamuelPerry,C50train
2061,SamuelPerry,C50train
2062,SamuelPerry,C50train
2063,SamuelPerry,C50train
2064,SamuelPerry,C50train
2065,SamuelPerry,C50train
2066,SamuelPerry,C50train
2067,SamuelPerry,C50train
2068,SamuelPerry,C50train
2069,SamuelPerry,C50train
2070,SamuelPerry,C50train
2071,SamuelPerry,C50train
2072,SamuelPerry,C50train
2073,SamuelPerry,C50train
2074,SamuelPerry,C50train
2075,SamuelPerry,C50train
2076,SamuelPerry,C50train
2077,SamuelPerry,C50train
2078,SamuelPerry,C50train
2079,SamuelPerry,C50train
2080,SamuelPerry,C50train
2081,SamuelPerry,C50train
2082,SamuelPerry,C50train
2083,SamuelPerry,C50train
2084,SamuelPerry,C50train
2085,SamuelPerry,C50train
2086,SamuelPerry,C50train
2087,SamuelPerry,C50train
2088,SamuelPerry,C50train
2089,SamuelPerry,C50train
2090,SamuelPerry,C50train
2091,SamuelPerry,C50train
2092,SamuelPerry,C50train
2093,SamuelPerry,C50train
2094,SamuelPerry,C50train
2095,SamuelPerry,C50train
2096,SamuelPerry,C50train
2097,SamuelPerry,C50train
2098,SamuelPerry,C50train
2099,SamuelPerry,C50train
2100,SarahDavison,C50train
2101,SarahDavison,C50train
2102,SarahDavison,C50train
2103,SarahDavison,C50train
2104,SarahDavison,C50train
2105,SarahDavison,C50train
2106,SarahDavison,C50train
2107,SarahDavison,C50train
2108,SarahDavison,C50train
2109,SarahDavison,C50train
2110,SarahDavison,C50train
2111,SarahDavison,C50train
2112,SarahDavison,C50train
2113,SarahDavison,C50train
2114,SarahDavison,C50train
2115,SarahDavison,C50train
2116,SarahDavison,C50train
2117,SarahDavison,C50train
2118,SarahDavison,C50train
2119,SarahDavison,C50train
2120,SarahDavison,C50train
2121,SarahDavison,C50train
2122,SarahDavison,C50train
2123,SarahDavison,C50train
2124,SarahDavison,C50train
2125,SarahDavison,C50train
2126,SarahDavison,C50train
2127,SarahDavison,C50train
2128,SarahDavison,C50train
2129,SarahDavison,C50train
2130,SarahDavison,C50train
2131,SarahDavison,C50train
2132,SarahDavison,C50train
2133,SarahDavison,C50train
2134,SarahDavison,C50train
2135,SarahDavison,C50train
2136,SarahDavison,C50train
2137,SarahDavison,C50train
2138,SarahDavison,C50train
2139,SarahDavison,C50train
2140,SarahDavison,C50train
2141,SarahDavison,C50train
2142,SarahDavison,C50train
2143,SarahDavison,C50train
2144,SarahDavison,C50train
2145,SarahDavison,C50train
2146,SarahDavison,C50train
2147,SarahDavison,C50train
2148,SarahDavison,C50train
2149,SarahDavison,C50train
2150,ScottHillis,C50train
2151,ScottHillis,C50train
2152,ScottHillis,C50train
2153,ScottHillis,C50train
2154,ScottHillis,C50train
2155,ScottHillis,C50train
2156,ScottHillis,C50train
2157,ScottHillis,C50train
2158,ScottHillis,C50train
2159,ScottHillis,C50train
2160,ScottHillis,C50train
2161,ScottHillis,C50train
2162,ScottHillis,C50train
2163,ScottHillis,C50train
2164,ScottHillis,C50train
2165,ScottHillis,C50train
2166,ScottHillis,C50train
2167,ScottHillis,C50train
2168,ScottHillis,C50train
2169,ScottHillis,C50train
2170,ScottHillis,C50train
2171,ScottHillis,C50train
2172,ScottHillis,C50train
2173,ScottHillis,C50train
2174,ScottHillis,C50train
2175,ScottHillis,C50train
2176,ScottHillis,C50train
2177,ScottHillis,C50train
2178,ScottHillis,C50train
2179,ScottHillis,C50train
2180,ScottHillis,C50train
2181,ScottHillis,C50train
2182,ScottHillis,C50train
2183,ScottHillis,C50train
2184,ScottHillis,C50train
2185,ScottHillis,C50train
2186,ScottHillis,C50train
2187,ScottHillis,C50train
2188,ScottHillis,C50train
2189,ScottHillis,C50train
2190,ScottHillis,C50train
2191,ScottHillis,C50train
2192,ScottHillis,C50train
2193,ScottHillis,C50train
2194,ScottHillis,C50train
2195,ScottHillis,C50train
2196,ScottHillis,C50train
2197,ScottHillis,C50train
2198,ScottHillis,C50train
2199,ScottHillis,C50train
2200,SimonCowell,C50train
2201,SimonCowell,C50train
2202,SimonCowell,C50train
2203,SimonCowell,C50train
2204,SimonCowell,C50train
2205,SimonCowell,C50train
2206,SimonCowell,C50train
2207,SimonCowell,C50train
2208,SimonCowell,C50train
2209,SimonCowell,C50train
2210,SimonCowell,C50train
2211,SimonCowell,C50train
2212,SimonCowell,C50train
2213,SimonCowell,C50train
2214,SimonCowell,C50train
2215,SimonCowell,C50train
2216,SimonCowell,C50train
2217,SimonCowell,C50train
2218,SimonCowell,C50train
2219,SimonCowell,C50train
2220,SimonCowell,C50train
2221,SimonCowell,C50train
2222,SimonCowell,C50train
2223,SimonCowell,C50train
2224,SimonCowell,C50train
2225,SimonCowell,C50train
2226,SimonCowell,C50train
2227,SimonCowell,C50train
2228,SimonCowell,C50train
2229,SimonCowell,C50train
2230,SimonCowell,C50train
2231,SimonCowell,C50train
2232,SimonCowell,C50train
2233,SimonCowell,C50train
2234,SimonCowell,C50train
2235,SimonCowell,C50train
2236,SimonCowell,C50train
2237,SimonCowell,C50train
2238,SimonCowell,C50train
2239,SimonCowell,C50train
2240,SimonCowell,C50train
2241,SimonCowell,C50train
2242,SimonCowell,C50train
2243,SimonCowell,C50train
2244,SimonCowell,C50train
2245,SimonCowell,C50train
2246,SimonCowell,C50train
2247,SimonCowell,C50train
2248,SimonCowell,C50train
2249,SimonCowell,C50train
2250,TanEeLyn,C50train
2251,TanEeLyn,C50train
2252,TanEeLyn,C50train
2253,TanEeLyn,C50train
2254,TanEeLyn,C50train
2255,TanEeLyn,C50train
2256,TanEeLyn,C50train
2257,TanEeLyn,C50train
2258,TanEeLyn,C50train
2259,TanEeLyn,C50train
2260,TanEeLyn,C50train
2261,TanEeLyn,C50train
2262,TanEeLyn,C50train
2263,TanEeLyn,C50train
2264,TanEeLyn,C50train
2265,TanEeLyn,C50train
2266,TanEeLyn,C50train
2267,TanEeLyn,C50train
2268,TanEeLyn,C50train
2269,TanEeLyn,C50train
2270,TanEeLyn,C50train
2271,TanEeLyn,C50train
2272,TanEeLyn,C50train
2273,TanEeLyn,C50train
2274,TanEeLyn,C50train
2275,TanEeLyn,C50train
2276,TanEeLyn,C50train
2277,TanEeLyn,C50train
2278,TanEeLyn,C50train
2279,TanEeLyn,C50train
2280,TanEeLyn,C50train
2281,TanEeLyn,C50train
2282,TanEeLyn,C50train
2283,TanEeLyn,C50train
2284,TanEeLyn,C50train
2285,TanEeLyn,C50train
2286,TanEeLyn,C50train
2287,TanEeLyn,C50train
2288,TanEeLyn,C50train
2289,TanEeLyn,C50train
2290,TanEeLyn,C50train
2291,TanEeLyn,C50train
2292,TanEeLyn,C50train
2293,TanEeLyn,C50train
2294,TanEeLyn,C50train
2295,TanEeLyn,C50train
2296,TanEeLyn,C50train
2297,TanEeLyn,C50train
2298,TanEeLyn,C50train
2299,TanEeLyn,C50train
2300,TheresePoletti,C50train
2301,TheresePoletti,C50train
2302,TheresePoletti,C50train
2303,TheresePoletti,C50train
2304,TheresePoletti,C50train
2305,TheresePoletti,C50train
2306,TheresePoletti,C50train
2307,TheresePoletti,C50train
2308,TheresePoletti,C50train
2309,TheresePoletti,C50train
2310,TheresePoletti,C50train
2311,TheresePoletti,C50train
2312,TheresePoletti,C50train
2313,TheresePoletti,C50train
2314,TheresePoletti,C50train
2315,TheresePoletti,C50train
2316,TheresePoletti,C50train
2317,TheresePoletti,C50train
2318,TheresePoletti,C50train
2319,TheresePoletti,C50train
2320,TheresePoletti,C50train
2321,TheresePoletti,C50train
2322,TheresePoletti,C50train
2323,TheresePoletti,C50train
2324,TheresePoletti,C50train
2325,TheresePoletti,C50train
2326,TheresePoletti,C50train
2327,TheresePoletti,C50train
2328,TheresePoletti,C50train
2329,TheresePoletti,C50train
2330,TheresePoletti,C50train
2331,TheresePoletti,C50train
2332,TheresePoletti,C50train
2333,TheresePoletti,C50train
2334,TheresePoletti,C50train
2335,TheresePoletti,C50train
2336,TheresePoletti,C50train
2337,TheresePoletti,C50train
2338,TheresePoletti,C50train
2339,TheresePoletti,C50train
2340,TheresePoletti,C50train
2341,TheresePoletti,C50train
2342,TheresePoletti,C50train
2343,TheresePoletti,C50train
2344,TheresePoletti,C50train
2345,TheresePoletti,C50train
2346,TheresePoletti,C50train
2347,TheresePoletti,C50train
2348,TheresePoletti,C50train
2349,TheresePoletti,C50train
2350,TimFarrand,C50train
2351,TimFarrand,C50train
2352,TimFarrand,C50train
2353,TimFarrand,C50train
2354,TimFarrand,C50train
2355,TimFarrand,C50train
2356,TimFarrand,C50train
2357,TimFarrand,C50train
2358,TimFarrand,C50train
2359,TimFarrand,C50train
2360,TimFarrand,C50train
2361,TimFarrand,C50train
2362,TimFarrand,C50train
2363,TimFarrand,C50train
2364,TimFarrand,C50train
2365,TimFarrand,C50train
2366,TimFarrand,C50train
2367,TimFarrand,C50train
2368,TimFarrand,C50train
2369,TimFarrand,C50train
2370,TimFarrand,C50train
2371,TimFarrand,C50train
2372,TimFarrand,C50train
2373,TimFarrand,C50train
2374,TimFarrand,C50train
2375,TimFarrand,C50train
2376,TimFarrand,C50train
2377,TimFarrand,C50train
2378,TimFarrand,C50train
2379,TimFarrand,C50train
2380,TimFarrand,C50train
2381,TimFarrand,C50train
2382,TimFarrand,C50train
2383,TimFarrand,C50train
2384,TimFarrand,C50train
2385,TimFarrand,C50train
2386,TimFarrand,C50train
2387,TimFarrand,C50train
2388,TimFarrand,C50train
2389,TimFarrand,C50train
2390,TimFarrand,C50train
2391,TimFarrand,C50train
2392,TimFarrand,C50train
2393,TimFarrand,C50train
2394,TimFarrand,C50train
2395,TimFarrand,C50train
2396,TimFarrand,C50train
2397,TimFarrand,C50train
2398,TimFarrand,C50train
2399,TimFarrand,C50train
2400,ToddNissen,C50train
2401,ToddNissen,C50train
2402,ToddNissen,C50train
2403,ToddNissen,C50train
2404,ToddNissen,C50train
2405,ToddNissen,C50train
2406,ToddNissen,C50train
2407,ToddNissen,C50train
2408,ToddNissen,C50train
2409,ToddNissen,C50train
2410,ToddNissen,C50train
2411,ToddNissen,C50train
2412,ToddNissen,C50train
2413,ToddNissen,C50train
2414,ToddNissen,C50train
2415,ToddNissen,C50train
2416,ToddNissen,C50train
2417,ToddNissen,C50train
2418,ToddNissen,C50train
2419,ToddNissen,C50train
2420,ToddNissen,C50train
2421,ToddNissen,C50train
2422,ToddNissen,C50train
2423,ToddNissen,C50train
2424,ToddNissen,C50train
2425,ToddNissen,C50train
2426,ToddNissen,C50train
2427,ToddNissen,C50train
2428,ToddNissen,C50train
2429,ToddNissen,C50train
2430,ToddNissen,C50train
2431,ToddNissen,C50train
2432,ToddNissen,C50train
2433,ToddNissen,C50train
2434,ToddNissen,C50train
2435,ToddNissen,C50train
2436,ToddNissen,C50train
2437,ToddNissen,C50train
2438,ToddNissen,C50train
2439,ToddNissen,C50train
2440,ToddNissen,C50train
2441,ToddNissen,C50train
2442,ToddNissen,C50train
2443,ToddNissen,C50train
2444,ToddNissen,C50train
2445,ToddNissen,C50train
2446,ToddNissen,C50train
2447,ToddNissen,C50train
2448,ToddNissen,C50train
2449,ToddNissen,C50train
2450,WilliamKazer,C50train
2451,WilliamKazer,C50train
2452,WilliamKazer,C50train
2453,WilliamKazer,C50train
2454,WilliamKazer,C50train
2455,WilliamKazer,C50train
2456,WilliamKazer,C50train
2457,WilliamKazer,C50train
2458,WilliamKazer,C50train
2459,WilliamKazer,C50train
2460,WilliamKazer,C50train
2461,WilliamKazer,C50train
2462,WilliamKazer,C50train
2463,WilliamKazer,C50train
2464,WilliamKazer,C50train
2465,WilliamKazer,C50train
2466,WilliamKazer,C50train
2467,WilliamKazer,C50train
2468,WilliamKazer,C50train
2469,WilliamKazer,C50train
2470,WilliamKazer,C50train
2471,WilliamKazer,C50train
2472,WilliamKazer,C50train
2473,WilliamKazer,C50train
2474,WilliamKazer,C50train
2475,WilliamKazer,C50train
2476,WilliamKazer,C50train
2477,WilliamKazer,C50train
2478,WilliamKazer,C50train
2479,WilliamKazer,C50train
2480,WilliamKazer,C50train
2481,WilliamKazer,C50train
2482,WilliamKazer,C50train
2483,WilliamKazer,C50train
2484,WilliamKazer,C50train
2485,WilliamKazer,C50train
2486,WilliamKazer,C50train
2487,WilliamKazer,C50train
2488,WilliamKazer,C50train
2489,WilliamKazer,C50train
2490,WilliamKazer,C50train
2491,WilliamKazer,C50train
2492,WilliamKazer,C50train
2493,WilliamKazer,C50train
2494,WilliamKazer,C50train
2495,WilliamKazer,C50train
2496,WilliamKazer,C50train
2497,WilliamKazer,C50train
2498,WilliamKazer,C50train
2499,WilliamKazer,C50train
